{
    "pools": [
      {
        "rolls": 1,
        "entries": [
          {
            "type": "minecraft:item",
            "name": "minecraft:spider_eye",
            "functions": [
              {
                "function": "minecraft:set_count",
                "count": {
                  "min": 1,
                  "max": 2
                }
              },
              {
                "function": "minecraft:set_nbt",
                "tag": "{display:{Name:'{\"text\":\"Human Eyes\",\"italic\":false}',Lore:['{\"text\":\"Restores 12 Blood Points.\",\"color\":\"dark_red\"}']},HumanEyes:1b}"
              }
            ]
          }
        ]
      }
    ]
  }