{
    "type": "minecraft:chest",
    "pools": [
      {
        "rolls": 1,
        "entries": [
          {
            "type": "minecraft:item",
            "name": "minecraft:potion",
            "functions": [
              {
                "function": "minecraft:set_nbt",
                "tag": "{display:{Name:'{\"text\":\"Enchanted Blood Bottle\",\"italic\":false,\"color\":\"light_purple\"}',Lore:['{\"text\":\"Restores 35 Blood Points.\",\"color\":\"dark_red\"}']},Enchantments:[{}],HideFlags:32,EnchantedBloodBottle:1b,CustomPotionColor:13378339}"
              },
              {
                "function": "minecraft:set_count",
                "count": 1
              },
              {
                "function": "minecraft:set_count",
                "count": {
                  "min": 2,
                  "max": 3
                },
                "conditions": [
                  {
                    "condition": "minecraft:random_chance",
                    "chance": 0.3
                  }
                ]
              }
            ],
            "conditions": [
              {
                "condition": "minecraft:random_chance",
                "chance": 0.6
              }
            ]
          }
        ]
      },
      {
        "rolls": 1,
        "bonus_rolls": 1,
        "entries": [
          {
            "type": "minecraft:item",
            "name": "minecraft:wither_skeleton_skull",
            "functions": [
              {
                "function": "minecraft:set_count",
                "count": 1
              },
              {
                "function": "minecraft:set_count",
                "count": 2,
                "conditions": [
                  {
                    "condition": "minecraft:random_chance",
                    "chance": 0.4
                  }
                ]
              }
            ],
            "conditions": [
              {
                "condition": "minecraft:random_chance",
                "chance": 0.7
              }
            ]
          }
        ]
      },
      {
        "rolls": 1,
        "entries": [
          {
            "type": "minecraft:item",
            "name": "minecraft:gold_ingot",
            "functions": [
              {
                "function": "minecraft:set_count",
                "count": {
                  "min": 2,
                  "max": 8
                }
              }
            ]
          }
        ]
      },
      {
        "rolls": 1,
        "entries": [
          {
            "type": "minecraft:item",
            "name": "minecraft:potion",
            "functions": [
              {
                "function": "minecraft:set_nbt",
                "tag": "{display:{Name:'{\"text\":\"Blood Bottle\",\"italic\":false}',Lore:['{\"text\":\"Restores 20 Blood Points.\",\"color\":\"dark_red\"}']},HideFlags:32,BloodBottle:1b,CustomPotionColor:13378339,Potion:\"minecraft:thick\"}"
              },
              {
                "function": "minecraft:set_count",
                "count": 1
              }
            ]
          }
        ]
      },
      {
        "rolls": 1,
        "entries": [
          {
            "type": "minecraft:item",
            "weight": 80,
            "name": "minecraft:potion",
            "functions": [
              {
                "function": "minecraft:set_nbt",
                "tag": "{display:{Name:'{\"text\":\"Blood Bottle\",\"italic\":false}',Lore:['{\"text\":\"Restores 20 Blood Points.\",\"color\":\"dark_red\"}']},HideFlags:32,BloodBottle:1b,CustomPotionColor:13378339,Potion:\"minecraft:thick\"}"
              },
              {
                "function": "minecraft:set_count",
                "count": {
                  "min": 1,
                  "max": 3
                }
              }
            ]
          },
          {
            "type": "minecraft:item",
            "weight": 100,
            "name": "minecraft:spider_eye",
            "functions": [
              {
                "function": "minecraft:set_count",
                "count": {
                  "min": 5,
                  "max": 18
                }
              },
              {
                "function": "minecraft:set_nbt",
                "tag": "{display:{Name:'{\"text\":\"Human Eyes\",\"italic\":false}',Lore:['{\"text\":\"Restores 12 Blood Points.\",\"color\":\"dark_red\"}']},HumanEyes:1b}"
              }
            ]
          }
        ]
      }
    ]
  }