[
    {
      "condition": "minecraft:alternative",
      "terms": [
        {
          "condition": "minecraft:location_check",
          "predicate": {
            "block": {
              "block": "minecraft:brewing_stand",
              "nbt": "{Items:[{Slot:2b,id:\"minecraft:potion\",tag:{BloodBottle:1b}}]}"
            }
          }
        },
        {
          "condition": "minecraft:location_check",
          "predicate": {
            "block": {
              "block": "minecraft:brewing_stand",
              "nbt": "{Items:[{Slot:1b,id:\"minecraft:potion\",tag:{BloodBottle:1b}}]}"
            }
          }
        },
        {
          "condition": "minecraft:location_check",
          "predicate": {
            "block": {
              "block": "minecraft:brewing_stand",
              "nbt": "{Items:[{Slot:0b,id:\"minecraft:potion\",tag:{BloodBottle:1b}}]}"
            }
          }
        }
      ]
    },
    {
     "condition": "minecraft:location_check",
     "predicate": {
       "block": {
         "block": "minecraft:brewing_stand",
         "nbt": "{Items:[{Slot:3b,id:\"minecraft:spider_eye\",tag:{WitchEyes:1b}}]}"
       }
     }
   }
  ]